{
  "project_info": {
    "project_number": "255453371459",
    "firebase_url": "https://fir-search-a462c.firebaseio.com",
    "project_id": "fir-search-a462c",
    "storage_bucket": "fir-search-a462c.appspot.com"
  },
  "client": [
    {
      "client_info": {
        "mobilesdk_app_id": "1:255453371459:android:88ec75d4748ac6e5",
        "android_client_info": {
          "package_name": "com.example.acer.firebasesearch"
        }
      },
      "oauth_client": [
        {
          "client_id": "255453371459-q1ocfmha1hccduffv7bfs7ji0mkk6l3t.apps.googleusercontent.com",
          "client_type": 1,
          "android_info": {
            "package_name": "com.example.acer.firebasesearch",
            "certificate_hash": "e03b5b540f6df0a274529d67f41749c9442be738"
          }
        }
      ],
      "api_key": [
        {
          "current_key": "AIzaSyCNRyt7i8QleIc2IVooAbAxJVak7lBFhzc"
        }
      ],
      "services": {
        "appinvite_service": {
          "other_platform_oauth_client": [
            {
              "client_id": "255453371459-vjuvivhjpkkn0s6h3licn2j93g62rgf1.apps.googleusercontent.com",
              "client_type": 3
            }
          ]
        }
      }
    },
    {
      "client_info": {
        "mobilesdk_app_id": "1:255453371459:android:5651972292c0aac9",
        "android_client_info": {
          "package_name": "com.example.acer.search"
        }
      },
      "oauth_client": [],
      "api_key": [
        {
          "current_key": "AIzaSyCNRyt7i8QleIc2IVooAbAxJVak7lBFhzc"
        }
      ],
      "services": {
        "appinvite_service": {
          "other_platform_oauth_client": [
            {
              "client_id": "255453371459-vjuvivhjpkkn0s6h3licn2j93g62rgf1.apps.googleusercontent.com",
              "client_type": 3
            }
          ]
        }
      }
    }
  ],
  "configuration_version": "1"
}