{
  "project_info": {
    "project_number": "255453371459",
    "firebase_url": "https://fir-search-a462c.firebaseio.com",
    "project_id": "fir-search-a462c",
    "storage_bucket": "fir-search-a462c.appspot.com"
  },
  "client": [
    {
      "client_info": {
        "mobilesdk_app_id": "1:255453371459:android:c2dd471abc2edd5e",
        "android_client_info": {
          "package_name": "com.demo.firebasedemo"
        }
      },
      "oauth_client": [
        {
          "client_id": "255453371459-vjuvivhjpkkn0s6h3licn2j93g62rgf1.apps.googleusercontent.com",
          "client_type": 3
        }
      ],
      "api_key": [
        {
          "current_key": "AIzaSyCNRyt7i8QleIc2IVooAbAxJVak7lBFhzc"
        }
      ],
      "services": {
        "appinvite_service": {
          "other_platform_oauth_client": [
            {
              "client_id": "255453371459-vjuvivhjpkkn0s6h3licn2j93g62rgf1.apps.googleusercontent.com",
              "client_type": 3
            }
          ]
        }
      }
    },
    {
      "client_info": {
        "mobilesdk_app_id": "1:255453371459:android:5651972292c0aac9",
        "android_client_info": {
          "package_name": "com.example.acer.search"
        }
      },
      "oauth_client": [
        {
          "client_id": "255453371459-vjuvivhjpkkn0s6h3licn2j93g62rgf1.apps.googleusercontent.com",
          "client_type": 3
        }
      ],
      "api_key": [
        {
          "current_key": "AIzaSyCNRyt7i8QleIc2IVooAbAxJVak7lBFhzc"
        }
      ],
      "services": {
        "appinvite_service": {
          "other_platform_oauth_client": [
            {
              "client_id": "255453371459-vjuvivhjpkkn0s6h3licn2j93g62rgf1.apps.googleusercontent.com",
              "client_type": 3
            }
          ]
        }
      }
    }
  ],
  "configuration_version": "1"
}